{"file_name": "U_20_1", "number_of_trucks": 2, "drone_capacity": 2, "number_of_drones": 2, "iteration": 1, "best_fitness": 261.26889929487095, "runtime": 206.1430983543396, "best_solution": [[[[0, []], [3, [3]], [0, [12]], [11, [11]], [12, []], [0, [16, 14, 9, 20, 10]], [16, []], [14, []], [20, []], [10, []], [5, [5, 7]], [9, []], [7, []]], [[0, [18, 15, 2]], [2, []], [18, []], [15, []], [4, [4, 13, 1, 8]], [13, []], [19, [19, 6]], [6, []], [1, []], [8, []], [17, [17]]]], [[[3, [3]]], [[11, [11]]], [[4, [1, 8]]], [[4, [4, 13]]], [[19, [19, 6]]], [[17, [17]]], [[5, [5, 7]]]]]}
{"file_name": "U_20_1", "number_of_trucks": 2, "drone_capacity": 2, "number_of_drones": 2, "iteration": 2, "best_fitness": 258.5882219520124, "runtime": 81.7458143234253, "best_solution": [[[[0, [15, 8, 1]], [14, [14, 16]], [16, []], [4, [4, 13]], [13, []], [15, []], [17, [17, 6, 19]], [8, []], [1, []], [6, []], [19, []]], [[0, []], [2, [2, 18]], [18, [12, 3]], [3, [11, 10]], [10, []], [20, [20, 9]], [12, []], [11, []], [9, []], [5, [5, 7]], [7, []]]], [[[14, [14, 16]]], [[2, [2, 18]]], [[18, [12, 3]]], [[3, [11, 10]]], [[20, [20, 9]]], [[4, [4, 13]]], [[17, [6, 19]]], [[17, [17]]], [[5, [5, 7]]]]]}
{"file_name": "U_20_1", "number_of_trucks": 2, "drone_capacity": 2, "number_of_drones": 2, "iteration": 3, "best_fitness": 250.51999999999998, "runtime": 163.08717370033264, "best_solution": [[[[0, []], [2, [2]], [0, [12, 16]], [11, [11]], [12, []], [16, []], [0, [14, 10, 20, 9]], [14, []], [10, []], [9, []], [20, []], [5, [5, 7]], [7, []]], [[0, []], [3, [3]], [0, [18]], [18, []], [0, [1, 8, 4, 15]], [4, []], [13, [13]], [19, [19, 6, 17]], [15, []], [17, []], [8, []], [1, []], [6, []]]], [[[2, [2]]], [[3, [3]]], [[11, [11]]], [[13, [13]]], [[19, [19, 17]]], [[19, [6]]], [[5, [5, 7]]]]]}
