{"file_name": "U_20_1", "number_of_trucks": 2, "drone_capacity": 2, "number_of_drones": 2, "iteration": 1, "best_fitness": 375.38896101478974, "runtime": 63.84652924537659, "best_solution": [[[[0, [13]], [13, []], [0, [11, 12, 3, 15, 6, 7, 19]], [19, []], [15, []], [6, []], [7, []], [3, []], [5, [5, 4]], [11, []], [12, []], [4, []], [2, [2, 18]], [18, []]], [[0, []], [1, [1, 8]], [8, []], [0, []], [17, [17, 9]], [9, []], [20, [20, 10]], [10, []], [14, [14, 16]], [16, []]]], [[[1, [1, 8]]], [[17, [17, 9]]], [[5, [5, 4]]], [[20, [20, 10]]], [[14, [14, 16]]], [[2, [2, 18]]]]]}
{"file_name": "U_20_1", "number_of_trucks": 2, "drone_capacity": 2, "number_of_drones": 2, "iteration": 2, "best_fitness": 381.84607446977174, "runtime": 114.47942280769348, "best_solution": [[[[0, [1]], [19, [19, 6, 15, 3]], [15, []], [6, []], [1, []], [17, [17, 9]], [9, []], [3, []], [10, [10, 20]], [20, []], [2, [2, 18]], [18, []]], [[0, [13, 11, 7]], [8, [8]], [7, []], [13, [12]], [12, []], [11, []], [4, [4, 5]], [5, []], [14, [14, 16]], [16, []]]], [[[19, [19, 6]]], [[8, [8]]], [[19, [15, 3]]], [[13, [12]]], [[17, [17, 9]]], [[4, [4, 5]]], [[10, [10, 20]]], [[14, [14, 16]]], [[2, [2, 18]]]]]}
{"file_name": "U_20_1", "number_of_trucks": 2, "drone_capacity": 2, "number_of_drones": 2, "iteration": 3, "best_fitness": 382.8349364138997, "runtime": 258.3229069709778, "best_solution": [[[[0, [7]], [6, [6]], [7, []], [15, [15, 5]], [17, [17, 3]], [9, [9, 20]], [3, []], [5, []], [20, []], [16, [16, 2]], [2, []]], [[0, [8, 13, 12, 11, 1, 19]], [19, []], [1, []], [8, []], [13, []], [4, [4, 10]], [12, []], [11, []], [10, []], [14, [14, 18]], [18, []]]], [[[6, [6]]], [[15, [15, 5]]], [[17, [17, 3]]], [[9, [9, 20]]], [[4, [4, 10]]], [[14, [14, 18]]], [[16, [16, 2]]]]]}
